tournament_id,year,season,level,region,prefecture,tournament_name,official_name,note
ISH25SP,2025,spring,prefecture,hokushinetsu,石川,石川県春季大会,令和7年度春季石川県高等学校野球大会,
ISH25SU,2025,summer,prefecture,hokushinetsu,石川,石川県夏季大会,第107回全国高等学校野球選手権石川大会,
ISH25AU,2025,autumn,prefecture,hokushinetsu,石川,石川県秋季大会,第153回北信越地区高等学校野球石川県大会,
HKS25SP,2025,spring,region,hokkaido,北海道,北海道春季大会,北海道高等学校野球春季大会,
HKS25AU,2025,autumn,region,hokkaido,北海道,北海道秋季大会,北海道高等学校野球秋季大会,
HKV25SP,2025,spring,region,hokushinetsu,,北信越春季大会,北信越地区高等学校野球大会,
HKV25AU,2025,autumn,region,hokushinetsu,,北信越秋季大会,北信越地区高等学校野球大会,
NAT25SB,2025,senbatsu,national,national,,選抜高校野球,選抜高等学校野球大会,
NAT25KS,2025,koshien,national,national,,全国高校野球選手権,全国高等学校野球選手権大会,
NAT25JG,2025,jingu,national,national,,明治神宮大会,明治神宮野球大会,
