region,prefecture,year,season,tournament_name,source_url,status,note
hokkaido,北海道,2025,spring,北海道春季大会,,missing,
hokkaido,北海道,2025,summer,北海道夏季大会,,missing,
hokkaido,北海道,2025,autumn,北海道秋季大会,,missing,
hokushinetsu,新潟,2025,spring,新潟県春季大会,,missing,
hokushinetsu,新潟,2025,summer,新潟県夏季大会,,missing,
hokushinetsu,新潟,2025,autumn,新潟県秋季大会,,missing,
hokushinetsu,長野,2025,spring,長野県春季大会,,missing,
hokushinetsu,長野,2025,summer,長野県夏季大会,,missing,
hokushinetsu,長野,2025,autumn,長野県秋季大会,,missing,
hokushinetsu,富山,2025,spring,富山県春季大会,,missing,
hokushinetsu,富山,2025,summer,富山県夏季大会,,missing,
hokushinetsu,富山,2025,autumn,富山県秋季大会,,missing,
hokushinetsu,石川,2025,spring,石川県春季大会,,missing,
hokushinetsu,石川,2025,summer,石川県夏季大会,,missing,
hokushinetsu,石川,2025,autumn,石川県秋季大会,,missing,
hokushinetsu,福井,2025,spring,福井県春季大会,,missing,
hokushinetsu,福井,2025,summer,福井県夏季大会,,missing,
hokushinetsu,福井,2025,autumn,福井県秋季大会,,missing,
